CDR3.beta,V,J
CASSLGAGGSGTEAFF,TRBV7-9,TRBJ1-1
CASSTTGTEVFF,TRBV6-5,TRBJ1-1
CASSGGLAGALAKNIQYF,TRBV5-1,TRBJ2-4
CASSFLSSYEQYF,TRBV7-8,TRBJ2-7
CASSSTGSSGNTIYF,TRBV6-6,TRBJ1-3
CASSPPFGRGETQYF,TRBV11-1,TRBJ2-5
CASSITSGGASYEQYF,TRBV7-8,TRBJ2-7
CASSDEKSRGYTF,TRBV25-1,TRBJ1-2
CASSDTGGNTEAFF,TRBV2,TRBJ1-1
CASSPAGAAYNEQFF,TRBV5-1,TRBJ2-1
CASSWGGQLTYEQYF,TRBV27,TRBJ2-7
CASSRQGADTGELFF,TRBV7-6,TRBJ2-2
CASSDHPRRRGNTIYF,TRBV6-4,TRBJ1-3
CASRDTSETQYF,TRBV5-1,TRBJ2-5
CASSPWKLAGGTGELFF,TRBV11-2,TRBJ2-2
CASSSGPSGETQYF,TRBV5-1,TRBJ2-5
CASSHRLAGFSSYNEQFF,TRBV14,TRBJ2-1
CASRKDYLTDTQYF,TRBV6-6,TRBJ2-3
CASTKAGGSSYEQYF,TRBV6-5,TRBJ2-7
CASTLHFEGGPGELFF,TRBV5-1,TRBJ2-2
CASRSGLAKNIQYF,TRBV5-6,TRBJ2-4
CATSGVGGQETQYF,TRBV11-3,TRBJ2-5
CASSQDLTGGFGEAGELFF,TRBV14,TRBJ2-2
CASSYRDRGEAFF,TRBV27,TRBJ1-1
CASSLVGGDSPLHF,TRBV5-4,TRBJ1-6
CASSRQGDYTEAFF,TRBV6-1,TRBJ1-1
CASSVGGTGGNQPQHF,TRBV9,TRBJ1-5
CASSLDPGSLHRGDTQYF,TRBV28,TRBJ2-3
CASSRQALIAKNIQYF,TRBV2,TRBJ2-4
CASSPGQYGYTF,TRBV5-4,TRBJ1-2
CASRSERETQYF,TRBV25-1,TRBJ2-5
CASGDVYGYTF,TRBV6-5,TRBJ1-2
CASSIGSRPRPGANVLTF,TRBV19,TRBJ2-6
CASSPTETGELFF,TRBV4-1,TRBJ2-2
CASSGEKLFF,TRBV19,TRBJ1-4
CASSMGFNNEQFF,TRBV19,TRBJ2-1
CASSQGSGRIYEQYF,TRBV14,TRBJ2-7
CASVPGGSTEAFF,TRBV2,TRBJ1-1
CAIPIQGDGAFF,TRBV27,TRBJ1-1
CASSPQGYEQYF,TRBV14,TRBJ2-7
CASSIGGRGTGELFF,TRBV19,TRBJ2-2
CASRRGPQETQYF,TRBV7-2,TRBJ2-5
CASSLDRELNYGYTF,TRBV7-8,TRBJ1-2
CASHRGSSEKLFF,TRBV2,TRBJ1-4
CASSGLTSGPSQQYF,TRBV5-4,TRBJ2-7
CASSLEATNTEAFF,TRBV5-4,TRBJ1-1
CASRAQENTEAFF,TRBV10-1,TRBJ1-1
CASCVGHLTGELFF,TRBV5-1,TRBJ2-2
CAISGIAGENEQFF,TRBV10-3,TRBJ2-1
CASSPGTAYGYTF,TRBV18,TRBJ1-2
CATSIGLAGGASQETQYF,TRBV15,TRBJ2-5
CASSAGPPSGANVLTF,TRBV9,TRBJ2-6
CASSLGVGTAGYTF,TRBV7-9,TRBJ1-2
CASSHWTGNTEAFF,TRBV11-2,TRBJ1-1
CASSRGDTTNEKLFF,TRBV28,TRBJ1-4
CASSHQGLATYEQYF,TRBV4-2,TRBJ2-7
CASSLVTAQGTKDTQYF,TRBV5-1,TRBJ2-3
CASTNNSPLHF,TRBV7-2,TRBJ1-6
CASSPSIVATNEKLFF,TRBV5-8,TRBJ1-4
CASSESWVAQYF,TRBV6-1,TRBJ2-5
CASSPDRNYGYTF,TRBV18,TRBJ1-2
CASSRQETQYF,TRBV5-6,TRBJ2-5
CASGPGEKLFF,TRBV2,TRBJ1-4
CASSDSNQGCQPQHF,TRBV6-4,TRBJ1-5
CAWSGRTGGGYRGYTF,TRBV30,TRBJ1-2
CASSRTGPNQPQHF,TRBV4-1,TRBJ1-5
CASSIGGIEQYF,TRBV19,TRBJ2-7
CASSSTFDNPQYF,TRBV18,TRBJ2-3
CASSQPTGTGGGEQYF,TRBV4-1,TRBJ2-7
CASKGEAGELFF,TRBV11-3,TRBJ2-2
CASSSGRGYGYTF,TRBV5-1,TRBJ1-2
CATSRVVLAGDNYEQYF,TRBV15,TRBJ2-7
CASSLFSGGRGSYNEQFF,TRBV5-8,TRBJ2-1
CASSLDGEQYF,TRBV7-2,TRBJ2-7
CASSYFFGGELFF,TRBV6-5,TRBJ2-2
CASSMAGLMKNTEAFF,TRBV19,TRBJ1-1
CSVAGGSTDTQYF,TRBV29-1,TRBJ2-3
CASSPFQGAVDYGYTF,TRBV4-1,TRBJ1-2
CASSIGTGYYNEQFF,TRBV19,TRBJ2-1
CASTRVGNQPQHF,TRBV2,TRBJ1-5
CASNPTGSNTGELFF,TRBV6-5,TRBJ2-2
CASSYLRGTEAFF,TRBV6-5,TRBJ1-1
CASSPGTGVAGELFF,TRBV13,TRBJ2-2
CASIKGGAGPEAFF,TRBV2,TRBJ1-1
CASSIATFLTDTQYF,TRBV7-9,TRBJ2-3
CASSPTGLGNQPQHF,TRBV19,TRBJ1-5
CASSLGRQGRRDEKLFF,TRBV5-1,TRBJ1-4
CASSWTGANYGYTF,TRBV7-9,TRBJ1-2
CASSPLARDTEAFF,TRBV18,TRBJ1-1
CASTTSVGIPNEQYF,TRBV5-4,TRBJ2-7
CASSQSGQGQGTEAFF,TRBV11-1,TRBJ1-1
CASSAFGGNTIYF,TRBV19,TRBJ1-3
CASSPKPGQTAYEQYF,TRBV7-9,TRBJ2-7
CASSLGDINGEKLFF,TRBV5-1,TRBJ1-4
CASSPYRVLGMNTEAFF,TRBV18,TRBJ1-1
CAISESWTGRQPQHF,TRBV10-3,TRBJ1-5
CASSPSGFQETQYF,TRBV7-8,TRBJ2-5
CASRAFGSPLHF,TRBV6-5,TRBJ1-6
CSVGTSGGEDTQYF,TRBV29-1,TRBJ2-3
CASSSTNGGPQHF,TRBV5-4,TRBJ1-5
